relevant_date,instance_type,stack_type,env,cost,hours,DefaultVCpus,core_seconds_used,cost_per_core_hour
2023-06-01,c5.2xlarge,cmp,prod,29.52,120,8,3456000,0.03075
2023-06-01,c5.2xlarge,io,prod,41.328,168,8,4838400,0.030750000000000000
2023-06-01,m5.4xlarge,cmp,prod,108.17858733190000,243.296696,16,14013889.6896,0.027789780212402700
2023-06-01,m5a.4xlarge,cmp,prod,7.1856195847000000,12.811116,16,737920.2816,0.035055589539876900
2023-06-01,m5ad.8xlarge,io,prod,81.15264816200000,67.402781,32,7764800.371200000,0.0376248608356753
2023-06-01,m5d.8xlarge,io,prod,2151.128862691,2096.748019,32,241545371.7888,0.0320604938456812
2023-06-01,m5dn.8xlarge,io,prod,25.1584150891,20.983337,32,2417280.4224,0.03746784753704210
2023-06-01,m5n.4xlarge,cmp,prod,40.1961330843,68.306107,16,3934431.7632,0.03677941004262990
2023-06-01,m6a.4xlarge,cmp,prod,75.7589257712,133.718062,16,7702160.3712,0.03540982265133340
2023-06-01,m6i.4xlarge,cmp,prod,0.0223315677,0.040833,16,2351.9808000000000,0.03418125000000000
2023-06-01,m6id.8xlarge,io,prod,0.8620559566,0.7127780000000000,32,82112.0256,0.0377947252072174
2023-06-01,m6idn.8xlarge,io,prod,28.2565431642,23.59472,32,2718111.744,0.037424346374157000
2023-06-01,m6in.4xlarge,cmp,prod,28.0491238541,46.603614,16,2684368.1664,0.03761661576034100
2023-06-01,r5.2xlarge,cmp,prod,2613.6305547502000,12952.611789,8,373035219.52320000,0.025223007117470200
2023-06-01,r5a.2xlarge,cmp,prod,14.0636740827,47.458614,8,1366808.0832,0.037041942698484600
2023-06-01,r5ad.4xlarge,io,prod,2172.846234945,3787.018664,16,218132275.0464,0.03586010572776580
2023-06-01,r5b.2xlarge,cmp,prod,159.3994699271,538.366095,8,15504943.536000000,0.03701000847924400
2023-06-01,r5d.4xlarge,io,prod,2310.2080926776000,4181.09534,16,240831091.584,0.03453353584430580
2023-06-01,r5dn.4xlarge,io,prod,4179.8209863374000,7448.01526,16,429005678.976,0.03507495655239670
2023-06-01,r5n.2xlarge,cmp,prod,148.0297374839,498.38415500000000,8,14353463.664000000,0.03712741867864460
2023-06-01,r6a.2xlarge,cmp,prod,27.7318507935,92.45943200000000,8,2662831.6416000000,0.037491916986765600
2023-06-01,r6i.2xlarge,cmp,prod,88.6270658028,309.273058,8,8907064.0704,0.035820718742820500
2023-06-01,r6id.4xlarge,io,prod,33.8542896228,56.347221,16,3245599.9296,0.03755097525439630
2023-06-01,r6idn.4xlarge,io,prod,382.1001235894,640.7622220000000,16,36907903.98720000,0.037270077580100400
2023-06-01,r6in.2xlarge,cmp,prod,40.3189131105,134.651954,8,3877976.2752000000,0.037428822895600200
2023-06-02,c5.2xlarge,cmp,prod,29.52,120,8,3456000,0.03075
2023-06-02,c5.2xlarge,io,prod,41.328,168,8,4838400,0.030750000000000000
2023-06-02,m5.4xlarge,cmp,prod,48.471215151200000,100.394994,16,5782751.654400000,0.030175318770874200
2023-06-02,m5a.4xlarge,cmp,prod,8.9484096649,15.965553,16,919615.8528,0.035030142961928700
2023-06-02,m5ad.8xlarge,io,prod,54.0377141008,44.754166,32,5155679.9232,0.03773232117988750
2023-06-02,m5d.8xlarge,io,prod,3990.0213273048,3802.841948,32,438087392.40960000,0.032788153750079300
2023-06-02,m5dn.8xlarge,io,prod,65.4480490799,54.568339,32,6286272.6528,0.03748055321505890
2023-06-02,m5n.4xlarge,cmp,prod,37.507821515800000,63.625564000000000,16,3664832.4864000000,0.03684429178085560
2023-06-02,m6a.4xlarge,cmp,prod,36.912696446300000,65.237224,16,3757664.1024000000,0.03536391321454380
2023-06-02,m6i.4xlarge,cmp,prod,0.8970631635,1.509445,16,86944.03200000000,0.03714375
2023-06-02,m6id.8xlarge,io,prod,0.7880765330000000,0.649722,32,74847.9744,0.037904506321549800
2023-06-02,m6idn.8xlarge,io,prod,60.5474281904,50.668608,32,5837023.6416,0.03734278887136590
2023-06-02,m6in.4xlarge,cmp,prod,8.6301096017,14.374162,16,827951.7312,0.037524403169120400
2023-06-02,r5.2xlarge,cmp,prod,2483.8615979598,12368.298112,8,356206985.62560000,0.025103106097009200
2023-06-02,r5a.2xlarge,cmp,prod,9.867569577,32.872496,8,946727.8848,0.03752213391781990
2023-06-02,r5ad.4xlarge,io,prod,1996.8519089934,3513.923819,16,202402011.9744,0.03551677575856050
2023-06-02,r5b.2xlarge,cmp,prod,109.8224676368,364.451387,8,10496199.945600000,0.03766704955522640
2023-06-02,r5d.4xlarge,io,prod,3172.1347551098,5725.28102,16,329776186.75200000,0.034628592291241400
2023-06-02,r5dn.4xlarge,io,prod,2086.2420604276,3709.491387,16,213666703.8912,0.035150406126748300
2023-06-02,r5n.2xlarge,cmp,prod,89.82838506370000,303.56026,8,8742535.488,0.03698951942181930
2023-06-02,r6a.2xlarge,cmp,prod,44.1772421649,147.78,8,4256064,0.03736740608074500
2023-06-02,r6i.2xlarge,cmp,prod,193.0733256157,675.291649,8,19448399.4912,0.03573887776888900
2023-06-02,r6id.4xlarge,io,prod,8.0050837658,13.333331000000000,16,767999.8656,0.03752383671885890
2023-06-02,r6idn.4xlarge,io,prod,406.92236409550000,679.156951,16,39119440.3776,0.037447379016766900
2023-06-02,r6in.2xlarge,cmp,prod,82.1374583274,274.225852,8,7897704.537600000,0.037440606770090400
2023-06-03,c5.2xlarge,cmp,prod,29.52,120,8,3456000,0.03075
2023-06-03,c5.2xlarge,io,prod,41.328,168,8,4838400,0.030750000000000000
2023-06-03,m5.4xlarge,cmp,prod,96.71140086850000,234.817228,16,13525472.3328,0.025741137504107000
2023-06-03,m5a.4xlarge,cmp,prod,66.52821145210000,113.762224,16,6552704.1024,0.0365500345330472
2023-06-03,m5ad.8xlarge,io,prod,154.1012003903,127.183335,32,14651520.192,0.03786394272643410
2023-06-03,m5d.8xlarge,io,prod,2989.2370592918,2765.452771,32,318580159.2192,0.03377879350624020
2023-06-03,m5dn.8xlarge,io,prod,75.6172833674,62.837774,32,7238911.564800000,0.0376054076204426
2023-06-03,m5n.4xlarge,cmp,prod,24.824800539000000,41.535289,16,2392432.6464,0.03735498346207490
2023-06-03,m6a.4xlarge,cmp,prod,36.7002097884,62.874995,16,3621599.712,0.036481324758355800
2023-06-03,m6id.8xlarge,io,prod,8.1611746389,6.856943000000000,32,789919.8336000000,0.037193937220365600
2023-06-03,m6idn.8xlarge,io,prod,97.2529385633,81.545276,32,9394015.7952,0.03726953269620580
2023-06-03,m6in.4xlarge,cmp,prod,5.7376965876,9.505275,16,547503.84,0.03772705542185790
2023-06-03,r5.2xlarge,cmp,prod,1990.6430224824,10293.508426,8,296453042.6688,0.024173524469245900
2023-06-03,r5a.2xlarge,cmp,prod,14.2132114657,47.414993000000000,8,1365551.7984,0.03747024560801900
2023-06-03,r5ad.4xlarge,io,prod,1064.8752708159,1880.9594550000000,16,108343264.60800000,0.035383380672601300
2023-06-03,r5b.2xlarge,cmp,prod,150.4749336342,502.785578,8,14480224.646400000,0.03741031470929540
2023-06-03,r5d.4xlarge,io,prod,2425.050176604,4308.267255,16,248156193.88800000,0.03518018429842050
2023-06-03,r5dn.4xlarge,io,prod,3093.8425735359,5460.338833,16,314515516.7808,0.03541266700838710
2023-06-03,r5n.2xlarge,cmp,prod,122.7629705686,412.080825,8,11867927.76,0.037238741504351700
2023-06-03,r6a.2xlarge,cmp,prod,72.7314147859,242.27973000000000,8,6977656.224000000,0.03752450462214690
2023-06-03,r6i.2xlarge,cmp,prod,155.5220806467,538.913599,8,15520711.6512,0.036073055341172600
2023-06-03,r6id.4xlarge,io,prod,5.498187711,9.17861,16,528687.9360000000,0.03743886404776980
2023-06-03,r6idn.4xlarge,io,prod,185.6989984848,310.581396,16,17889488.4096,0.03736922930599490
2023-06-03,r6in.2xlarge,cmp,prod,27.7892626594,92.323323,8,2658911.7024,0.037624922062489000
2023-06-04,c5.2xlarge,cmp,prod,29.52,120,8,3456000,0.03075
2023-06-04,c5.2xlarge,io,prod,41.328,168,8,4838400,0.030750000000000000
2023-06-04,m5.4xlarge,cmp,prod,51.5031833276,126.539731,16,7288688.5056,0.02543824720138690
2023-06-04,m5ad.8xlarge,io,prod,288.3865336183,238.124163,32,27431903.577600000,0.03784613481485240
2023-06-04,m5d.8xlarge,io,prod,5293.1349049434,5044.396677000000,32,581114497.1904000,0.03279093147723150
2023-06-04,m5dn.8xlarge,io,prod,148.609518137,122.97777100000000,32,14167039.219200000,0.03776330798662180
2023-06-04,m6a.4xlarge,cmp,prod,129.6131760519,231.321113,16,13324096.1088,0.03501981897883980
2023-06-04,m6id.8xlarge,io,prod,89.786619688,74.769442,32,8613439.7184,0.03752645185248270
2023-06-04,m6idn.8xlarge,io,prod,54.0127183691,45.008331000000000,32,5184959.7312,0.03750188935098200
2023-06-04,r5.2xlarge,cmp,prod,1951.4416622791,10229.102587000000,8,294598154.50560000,0.023846687009952800
2023-06-04,r5ad.4xlarge,io,prod,1553.4517589873000,2766.517546,16,159351410.6496,0.035094928306920000
2023-06-04,r5b.2xlarge,cmp,prod,27.1926199577,89.729451,8,2584208.1888,0.037881403004599900
2023-06-04,r5d.4xlarge,io,prod,2412.6531244259,4283.034188,16,246702769.22880000,0.03520654135778260
2023-06-04,r5dn.4xlarge,io,prod,3574.7045115311,6266.657211,16,360959455.35360000,0.035652026981549500
2023-06-04,r5n.2xlarge,cmp,prod,83.956773829,280.974726,8,8092072.1088,0.03735067875330890
2023-06-04,r6a.2xlarge,cmp,prod,134.9960453621,448.938053,8,12929415.9264,0.03758760380747340
2023-06-04,r6i.2xlarge,cmp,prod,217.0818381501,755.095287,8,21746744.2656,0.035936166250713900
2023-06-04,r6id.4xlarge,io,prod,45.788687192000000,77.323603,16,4453839.5328,0.03701060010744710
2023-06-04,r6idn.4xlarge,io,prod,439.5911637421,730.9375210000000,16,42102001.2096,0.03758795648675050
2023-06-04,r6in.2xlarge,cmp,prod,41.8105666805,138.60723,8,3991888.2240000000,0.03770597561947170
2023-06-05,c5.2xlarge,cmp,prod,29.52,120,8,3456000,0.03075
2023-06-05,c5.2xlarge,io,prod,41.082,167,8,4809600,0.03075
2023-06-05,m5.4xlarge,cmp,prod,39.7806544213,89.285282,16,5142832.243200000,0.027846592916974300
2023-06-05,m5a.4xlarge,cmp,prod,31.8744128015,54.576395000000000,16,3143600.3520000000,0.03650205917949970
2023-06-05,m5ad.8xlarge,io,prod,204.2358700396,168.502787,32,19411521.062400000,0.03787694584978880
2023-06-05,m5d.8xlarge,io,prod,5578.2285744832,5265.352277,32,606568582.3104,0.03310692880209730
2023-06-05,m5dn.8xlarge,io,prod,95.4778560304,78.687783,32,9064832.601600000,0.03791799549048170
2023-06-05,m5n.4xlarge,cmp,prod,0.2989795886,0.497222,16,28639.9872,0.037581250000000000
2023-06-05,m6a.4xlarge,cmp,prod,79.00908887900000,140.401386,16,8087119.8336000000,0.03517107769105280
2023-06-05,m6i.4xlarge,cmp,prod,11.1073971204,20.618892,16,1187648.1792,0.033668750000000000
2023-06-05,m6id.8xlarge,io,prod,2.8366282141,2.330278,32,268448.0256,0.038040367583020100
2023-06-05,m6idn.8xlarge,io,prod,54.674952441500000,45.02945,32,5187392.64,0.037943884808650200
2023-06-05,m6in.4xlarge,cmp,prod,12.484176824800000,20.624446,16,1187968.0896000000,0.03783185504958530
2023-06-05,r5.2xlarge,cmp,prod,2415.5433725823,12418.094738,8,357641128.4544,0.024314754231084000
2023-06-05,r5a.2xlarge,cmp,prod,26.1147827588,87.647224,8,2524240.0512000000,0.037244166966999400
2023-06-05,r5ad.4xlarge,io,prod,2492.4115430107,4384.792768,16,252564063.4368,0.035526358868088900
2023-06-05,r5b.2xlarge,cmp,prod,178.7467954666,595.556385,8,17152023.888,0.037516765827848500
2023-06-05,r5d.4xlarge,io,prod,4091.9663959941,7298.491709,16,420393122.4384,0.03504119891432640
2023-06-05,r5dn.4xlarge,io,prod,2342.4294363475,4066.754943,16,234245084.7168,0.03599967094740160
2023-06-05,r5n.2xlarge,cmp,prod,194.31695405850000,649.976368,8,18719319.3984,0.0373700036695988
2023-06-05,r6a.2xlarge,cmp,prod,35.3751186353,117.29499100000000,8,3378095.7408000000,0.03769888033336820
2023-06-05,r6i.2xlarge,cmp,prod,109.16349883870000,375.593328,8,10817087.8464,0.03633035077459500
2023-06-05,r6id.4xlarge,io,prod,30.674341293700000,51.348330000000000,16,2957663.808,0.03733609897062380
2023-06-05,r6idn.4xlarge,io,prod,457.05384610880000,761.739439,16,43876191.6864,0.03750083548161930
2023-06-05,r6in.2xlarge,cmp,prod,63.409992173,208.575829,8,6006983.8752,0.03800176204321840
2023-06-06,c5.2xlarge,cmp,prod,24.354,99,8,2851200,0.03075
2023-06-06,c5.2xlarge,io,prod,34.194,139,8,4003200,0.030750000000000000
2023-06-06,m5.4xlarge,cmp,prod,21.9485515466,50.150003,16,2888640.1728,0.02735362691129850
2023-06-06,m5a.4xlarge,cmp,prod,22.5756327127,38.511387,16,2218255.8912,0.03663791814467110
2023-06-06,m5ad.8xlarge,io,prod,86.5756684169,71.35972700000000,32,8220640.550400000,0.037913396698226200
2023-06-06,m5d.8xlarge,io,prod,5171.3931900895,4883.397536,32,562567396.1472,0.03309295137226710
2023-06-06,m5dn.8xlarge,io,prod,64.3038143469,53.069176,32,6113569.0752,0.03786556245645540
2023-06-06,m5n.4xlarge,cmp,prod,22.022793136,37.126108,16,2138463.8208000000,0.03707430283292820
2023-06-06,m6a.4xlarge,cmp,prod,259.6213398859,456.58725100000000,16,26299425.6576,0.03553829789888010
2023-06-06,m6id.8xlarge,io,prod,0.3453816615,0.282777,32,32575.9104,0.03816851059978360
2023-06-06,m6idn.8xlarge,io,prod,55.1859555888,45.481111,32,5239423.987200000,0.03791818348830570
2023-06-06,m6in.4xlarge,cmp,prod,68.1707759077,112.180566,16,6461600.6016,0.037980495607690600
2023-06-06,r5.2xlarge,cmp,prod,1988.9788731359,10451.838401,8,301012945.9488,0.023787428546369400
2023-06-06,r5a.2xlarge,cmp,prod,28.5034480044,94.66583900000000,8,2726376.1632,0.03763692413426980
2023-06-06,r5ad.4xlarge,io,prod,2122.8231717983,3674.392248,16,211644993.4848,0.036108406311169000
2023-06-06,r5b.2xlarge,cmp,prod,73.7683162464,244.255268,8,7034551.7184,0.03775165058384740
2023-06-06,r5d.4xlarge,io,prod,2572.5209692674,4570.451648,16,263258014.9248,0.035178702885866800
2023-06-06,r5dn.4xlarge,io,prod,1659.0771364522000,2876.451662,16,165683615.7312,0.03604869235180030
2023-06-06,r5n.2xlarge,cmp,prod,134.2866998705,449.569153,8,12947591.6064,0.03733760951301860
2023-06-06,r6a.2xlarge,cmp,prod,59.518722029,198.893599,8,5728135.6512,0.037406132178366400
2023-06-06,r6i.2xlarge,cmp,prod,96.91335320330000,328.140561,8,9450448.1568,0.03691762186757670
2023-06-06,r6id.4xlarge,io,prod,14.634367636,24.55472,16,1414351.872,0.037249375160865200
2023-06-06,r6idn.4xlarge,io,prod,618.1546244083,1022.7889320000000,16,58912642.4832,0.03777383858659000
2023-06-06,r6in.2xlarge,cmp,prod,58.24820387050000,192.611667,8,5547216.0096,0.037801580751660800
2023-06-07,c5.2xlarge,cmp,prod,29.52,120,8,3456000,0.03075
2023-06-07,c5.2xlarge,io,prod,41.328,168,8,4838400,0.030750000000000000
2023-06-07,m5.4xlarge,cmp,prod,15.5404563191,35.650832,16,2053487.9232,0.027244203443660200
2023-06-07,m5a.4xlarge,cmp,prod,10.857283846000000,18.483055,16,1064623.968,0.03671364070360660
2023-06-07,m5ad.8xlarge,io,prod,124.56844936,102.317494,32,11786975.308800000,0.038045928318963700
2023-06-07,m5d.8xlarge,io,prod,2598.7160003252,2468.254428,32,284342910.1056,0.03290174387571790
2023-06-07,m5dn.8xlarge,io,prod,54.113418929,44.478613,32,5123936.2176,0.03801926875577820
2023-06-07,m5n.4xlarge,cmp,prod,45.0216922564,75.632216,16,4356415.6416,0.03720446014731340
2023-06-07,m6a.4xlarge,cmp,prod,100.9126880023,173.916952,16,10017616.4352,0.03626468223835790
2023-06-07,m6i.4xlarge,cmp,prod,0.5965408608,1.100832,16,63407.923200000000,0.03386875
2023-06-07,m6id.8xlarge,io,prod,11.5775982013,9.487222000000000,32,1092927.9744000000,0.03813549886264130
2023-06-07,m6idn.8xlarge,io,prod,45.243573075,37.243055,32,4290399.936,0.03796309563202460
2023-06-07,m6in.4xlarge,cmp,prod,29.442443672100000,48.785003000000000,16,2810016.1728,0.03771963956846020
2023-06-07,r5.2xlarge,cmp,prod,2591.5757941435,13111.566574,8,377613117.3312,0.024706961783675700
2023-06-07,r5a.2xlarge,cmp,prod,92.7971660159,310.69555800000000,8,8948032.070400000,0.037334443487561900
2023-06-07,r5ad.4xlarge,io,prod,2244.8545980531,3884.990018,16,223775425.0368,0.036114227251103
2023-06-07,r5b.2xlarge,cmp,prod,200.20299542430000,665.551097,8,19167871.5936,0.037600981413509000
2023-06-07,r5d.4xlarge,io,prod,2899.5538528843,5123.79277,16,295130463.552,0.035368744197917400
2023-06-07,r5dn.4xlarge,io,prod,2887.7356320721,5000.381409,16,288021969.1584,0.03609394209002950
2023-06-07,r5n.2xlarge,cmp,prod,112.4836488568,375.740557,8,10821328.0416,0.03742065061957100
2023-06-07,r6a.2xlarge,cmp,prod,246.7403931968,819.5636020000000,8,23603431.737600000,0.0376328927667532
2023-06-07,r6i.2xlarge,cmp,prod,54.4315573612,184.844995,8,5323535.856000000,0.03680892019905650
2023-06-07,r6id.4xlarge,io,prod,61.188149719900000,100.79916700000000,16,5806032.019200000,0.03793939445445760
2023-06-07,r6idn.4xlarge,io,prod,565.1292549649000,933.7847340000000,16,53786000.6784,0.037825182988380500
2023-06-07,r6in.2xlarge,cmp,prod,180.8266791073,598.715015,8,17242992.432,0.03775307837972380
2023-06-08,c5.2xlarge,cmp,prod,28.228568388,114.75027800000000,8,3304808.0064000000,0.030750000000000000
2023-06-08,c5.2xlarge,io,prod,41.082,167,8,4809600,0.03075
2023-06-08,m5.4xlarge,cmp,prod,62.1731428029,134.743342,16,7761216.4992,0.028838689671072900
2023-06-08,m5a.4xlarge,cmp,prod,3.3810345194,5.75861,16,331695.936,0.036695427796377900
2023-06-08,m5ad.8xlarge,io,prod,282.2986101513,233.677507,32,26919648.806400000,0.037752163999370800
2023-06-08,m5d.8xlarge,io,prod,2974.9985515224,2917.863677,32,336137895.5904,0.03186190824057300
2023-06-08,m5dn.8xlarge,io,prod,212.4596164197,176.285549,32,20308095.2448,0.037662548352818300
2023-06-08,m5n.4xlarge,cmp,prod,13.2634694162,22.296109,16,1284255.8784,0.03717988813709600
2023-06-08,m6a.4xlarge,cmp,prod,7.2750917015,12.192500000000000,16,702288,0.03729286293571870
2023-06-08,m6i.4xlarge,cmp,prod,0.6966817668,1.160556,16,66848.0256,0.037518750000000000
2023-06-08,m6id.8xlarge,io,prod,9.7982320646,8.028885,32,924927.552,0.0381366468717325
2023-06-08,m6idn.8xlarge,io,prod,55.715064039000000,45.714163,32,5266271.5776000000,0.03808657179655130
2023-06-08,m6in.4xlarge,cmp,prod,39.8898133312,66.258059,16,3816464.1984,0.03762732218280040
2023-06-08,r5.2xlarge,cmp,prod,2315.3591568788,12333.524732,8,355205512.2816,0.02346611377515910
2023-06-08,r5a.2xlarge,cmp,prod,30.059941774700000,100.325277,8,2889367.9776,0.03745310089537560
2023-06-08,r5ad.4xlarge,io,prod,2761.2611643361,4769.55747,16,274726510.27200000,0.03618340356658
2023-06-08,r5b.2xlarge,cmp,prod,146.1473811347,488.358613,8,14064728.054400000,0.03740780269977040
2023-06-08,r5d.4xlarge,io,prod,3809.6188710375,6707.070516,16,386327261.7216,0.03550002625913110
2023-06-08,r5dn.4xlarge,io,prod,1836.6148815374,3155.8777840000000,16,181778560.35840000,0.036372900965320600
2023-06-08,r5n.2xlarge,cmp,prod,67.4885205411,225.557785,8,6496064.208,0.037400904019506600
2023-06-08,r6a.2xlarge,cmp,prod,169.9447598957,562.276421,8,16193560.924800000,0.037780518964643700
2023-06-08,r6i.2xlarge,cmp,prod,108.3607230539,368.505552,8,10612959.8976,0.03675681494681390
2023-06-08,r6id.4xlarge,io,prod,22.006753397100000,36.368333,16,2094815.9808,0.03781922276500140
2023-06-08,r6idn.4xlarge,io,prod,557.4669325906,923.833607,16,53212815.7632,0.03771424098767660
2023-06-08,r6in.2xlarge,cmp,prod,159.7571940276,529.596946,8,15252392.0448,0.03770725908500610
2023-06-09,c5.2xlarge,cmp,prod,37.638,153,8,4406400,0.03075
2023-06-09,c5.2xlarge,io,prod,52.152,212,8,6105600,0.03075
2023-06-09,m5.4xlarge,cmp,prod,24.4583443575,58.271115,16,3356416.224,0.026233349444982300
2023-06-09,m5a.4xlarge,cmp,prod,31.0584732063,52.798069,16,3041168.7744,0.036765635792357300
2023-06-09,m5ad.8xlarge,io,prod,146.8320348869,121.036394,32,13943392.5888,0.03791009413429510
2023-06-09,m5d.8xlarge,io,prod,2927.0660992263,2791.239706,32,321550814.13120000,0.0327706772744017
2023-06-09,m5dn.8xlarge,io,prod,80.3127194079,66.164726,32,7622176.4352,0.03793218279928910
2023-06-09,m5n.4xlarge,cmp,prod,11.8241319948,19.74083,16,1137071.808,0.03743552067846190
2023-06-09,m6a.4xlarge,cmp,prod,82.7041786193,144.273906,16,8310176.9856,0.035827761977320100
2023-06-09,m6i.4xlarge,cmp,prod,0.14219125,0.2375,16,13680,0.03741875
2023-06-09,m6id.8xlarge,io,prod,22.345004986200000,18.461665,32,2126783.808,0.0378233169011977
2023-06-09,m6idn.8xlarge,io,prod,19.210113702300000,15.826109000000000,32,1823167.7568000000,0.03793200547253120
2023-06-09,m6in.4xlarge,cmp,prod,10.3536999743,17.248335,16,993504.096,0.037517026912670100
2023-06-09,r5.2xlarge,cmp,prod,2237.0768612582,11909.608599,8,342996727.6512,0.023479747913861300
2023-06-09,r5a.2xlarge,cmp,prod,42.88167178610000,142.268601,8,4097335.7088000000,0.03767668294750790
2023-06-09,r5ad.4xlarge,io,prod,2362.1998638284,4080.7102770000000,16,235048911.9552,0.03617936130418280
2023-06-09,r5b.2xlarge,cmp,prod,53.8228746966,177.630564,8,5115760.243200000,0.03787557268058330
2023-06-09,r5d.4xlarge,io,prod,3406.8661125748,5980.224787,16,344460947.7312,0.03560553986177860
2023-06-09,r5dn.4xlarge,io,prod,1982.1303822813,3409.520073,16,196388356.2048,0.03633448293019660
2023-06-09,r5n.2xlarge,cmp,prod,89.27089397130000,299.133898,8,8615056.2624,0.03730390243640160
2023-06-09,r6a.2xlarge,cmp,prod,83.8678717057,277.775285,8,7999928.208,0.037740880954230700
2023-06-09,r6i.2xlarge,cmp,prod,97.5992775574,333.619148,8,9608231.4624,0.03656837375136210
2023-06-09,r6id.4xlarge,io,prod,43.469107803200000,72.031107,16,4148991.7632000000,0.03771730507626380
2023-06-09,r6idn.4xlarge,io,prod,582.5196203684,968.699482,16,55797090.1632,0.03758387090066080
2023-06-09,r6in.2xlarge,cmp,prod,97.4979595572,324.16303900000000,8,9335895.5232,0.03759603495280040
2023-06-10,c5.2xlarge,cmp,prod,59.04,240,8,6912000,0.03075
2023-06-10,c5.2xlarge,io,prod,82.656,336,8,9676800,0.030750000000000000
2023-06-10,m5.4xlarge,cmp,prod,0.442597358,1.070834,16,61680.038400000000,0.02583251454006880
2023-06-10,m5a.4xlarge,cmp,prod,2.6673705,4.5225,16,260496,0.0368625
2023-06-10,m5ad.8xlarge,io,prod,61.18456367510000,50.747219,32,5846079.6288,0.03767728857904260
2023-06-10,m5d.8xlarge,io,prod,2587.4211705135,2436.378073,32,280670754.0096,0.03318734168338040
2023-06-10,m5dn.8xlarge,io,prod,45.495181428000000,37.541106,32,4324735.4112,0.03787113836297200
2023-06-10,m5n.4xlarge,cmp,prod,16.8525227785,28.371944,16,1634223.9744,0.03712409250688810
2023-06-10,m6a.4xlarge,cmp,prod,2.6655688804,4.717499,16,271727.9424,0.03531491051190470
2023-06-10,m6i.4xlarge,cmp,prod,2.1555615211,3.826667,16,220416.0192,0.03520625
2023-06-10,m6id.8xlarge,io,prod,16.946096007800000,13.921102000000000,32,1603710.9504000000,0.03804048704217170
2023-06-10,m6idn.8xlarge,io,prod,18.0553514483,14.877499,32,1713887.8848,0.037925039199086800
2023-06-10,m6in.4xlarge,cmp,prod,11.0047666549,18.485558,16,1064768.1408000000,0.0372073115635054
2023-06-10,r5.2xlarge,cmp,prod,2065.0269564779,10630.886035,8,306169517.80800000,0.024280983608506700
2023-06-10,r5a.2xlarge,cmp,prod,19.1391401166,64.00028400000000,8,1843208.1792000000,0.03738096716219260
2023-06-10,r5ad.4xlarge,io,prod,1014.7241238526,1761.720847,16,101475120.7872,0.03599903914901420
2023-06-10,r5b.2xlarge,cmp,prod,51.7182238221,171.69333300000000,8,4944767.9904000000,0.03765305189667730
2023-06-10,r5d.4xlarge,io,prod,3965.7323772315000,6989.8057420000000,16,402612810.73920000,0.035459965945498300
2023-06-10,r5dn.4xlarge,io,prod,1690.1469366944,2894.286973,16,166710929.6448,0.03649748090940260
2023-06-10,r5n.2xlarge,cmp,prod,0.537195381,1.8052770000000000,8,51991.97760000000,0.03719618796727590
2023-06-10,r6a.2xlarge,cmp,prod,73.27948377360000,242.73749100000000,8,6990839.7408,0.03773597326875230
2023-06-10,r6i.2xlarge,cmp,prod,58.0997880152,199.960272,8,5758855.8336000000,0.03631958203127470
2023-06-10,r6id.4xlarge,io,prod,15.4562043804,25.583891,16,1473632.1216000000,0.03775863389095110
2023-06-10,r6idn.4xlarge,io,prod,602.0260817338,997.276958,16,57443152.7808,0.03772936876414070
2023-06-10,r6in.2xlarge,cmp,prod,94.7822708891,314.812503,8,9066600.0864,0.03763441333566570
2023-06-11,c5.2xlarge,cmp,prod,53.628,218,8,6278400,0.03075
2023-06-11,c5.2xlarge,io,prod,75.768,308,8,8870400,0.03075
2023-06-11,m5ad.8xlarge,io,prod,176.1214024628,145.264999,32,16734527.884800000,0.03788795556293980
2023-06-11,m5d.8xlarge,io,prod,4001.9312726764,3692.484448,32,425374208.4096,0.03386889072447560
2023-06-11,m5dn.8xlarge,io,prod,15.031429192800000,12.341387000000000,32,1421727.7824000000,0.038061537351920000
2023-06-11,m6id.8xlarge,io,prod,97.6382002574,80.25223100000000,32,9245057.011200000,0.03802004903818500
2023-06-11,m6idn.8xlarge,io,prod,48.08627173,39.615837,32,4563744.4224,0.037931698667946900
2023-06-11,r5.2xlarge,cmp,prod,1816.3689640577,9972.453275,8,287206654.32,0.022767328584671900
2023-06-11,r5ad.4xlarge,io,prod,1611.2783176216,2801.488124,16,161365715.9424,0.03594692905839000
2023-06-11,r5b.2xlarge,cmp,prod,47.6318052328,158.497498,8,4564727.9424,0.03756510815142330
2023-06-11,r5d.4xlarge,io,prod,2757.4450183697,4820.560405,16,277664279.328,0.035751095136024200
2023-06-11,r5dn.4xlarge,io,prod,1007.4834454773000,1722.08227,16,99191938.752,0.036564870586775900
2023-06-11,r5n.2xlarge,cmp,prod,34.928618702,116.235004,8,3347568.1152,0.037562500000000000
2023-06-11,r6a.2xlarge,cmp,prod,9.6552062557,32.296941,8,930151.9008,0.03736888834030750
2023-06-11,r6i.2xlarge,cmp,prod,396.4352136865,1368.081106,8,39400735.852800000,0.03622183033848030
2023-06-11,r6id.4xlarge,io,prod,2.0511091212,3.364442,16,193791.8592,0.038102698775904
2023-06-11,r6idn.4xlarge,io,prod,596.3083677956,987.200021,16,56862721.2096,0.03775250424880710
2023-06-11,r6in.2xlarge,cmp,prod,36.2033279326,120.305271,8,3464791.8048,0.03761610737384070
2023-06-12,c5.2xlarge,cmp,prod,59.04,240,8,6912000,0.03075
2023-06-12,c5.2xlarge,io,prod,82.656,336,8,9676800,0.030750000000000000
2023-06-12,m5.4xlarge,cmp,prod,58.39667410490000,133.830296,16,7708625.0496,0.027271793014313100
2023-06-12,m5a.4xlarge,cmp,prod,4.945036329100000,8.373057000000000,16,482288.08320000000,0.036911819729490700
2023-06-12,m5ad.8xlarge,io,prod,63.3994731424,52.008065,32,5991329.088,0.03809473657018390
2023-06-12,m5d.8xlarge,io,prod,4494.6605853043,4203.530849,32,484246753.8048,0.033414324370707
2023-06-12,m5dn.8xlarge,io,prod,50.8029155344,41.856943,32,4821919.8336000000,0.03792897896174600
2023-06-12,m5n.4xlarge,cmp,prod,10.2505389077,17.404995,16,1002527.712,0.03680889777510710
2023-06-12,m6a.4xlarge,cmp,prod,8.2926107492,14.369452,16,827680.4352000000,0.03606875
2023-06-12,m6i.4xlarge,cmp,prod,10.3714372057,18.280829,16,1052975.7504000000,0.035458721557772400
2023-06-12,m6id.8xlarge,io,prod,34.7162603406,28.456671,32,3278208.4992,0.038124035508009700
2023-06-12,m6idn.8xlarge,io,prod,42.0598016085,34.696938,32,3997087.2576,0.037881406142110400
2023-06-12,m6in.4xlarge,cmp,prod,7.8194864178,12.926109,16,744543.8784,0.037808585794263400
2023-06-12,r5.2xlarge,cmp,prod,1998.141794025,10907.219552,8,314127923.09760000,0.02289930289404750
2023-06-12,r5a.2xlarge,cmp,prod,69.5950099209,231.352223,8,6662944.022400000,0.03760230235657820
2023-06-12,r5ad.4xlarge,io,prod,1389.9641034623000,2402.240228,16,138369037.13280000,0.03616322608114850
2023-06-12,r5b.2xlarge,cmp,prod,67.0808512988,223.774438,8,6444703.8144000000,0.03747124330773650
2023-06-12,r5d.4xlarge,io,prod,3137.2997223056,5524.5744460000000,16,318215488.0896,0.03549254961820090
2023-06-12,r5dn.4xlarge,io,prod,2317.1952554703,3949.442767,16,227487903.3792,0.03666965493891760
2023-06-12,r5n.2xlarge,cmp,prod,140.6658548017,466.993887,8,13449423.9456,0.03765195292633990
2023-06-12,r6a.2xlarge,cmp,prod,199.4379275163,664.545877,8,19138921.2576,0.0375139502062361
2023-06-12,r6i.2xlarge,cmp,prod,97.7318669691,341.206673,8,9826752.1824,0.03580376451528980
2023-06-12,r6id.4xlarge,io,prod,25.7964480273,42.182785,16,2429728.416,0.03822123175855390
2023-06-12,r6idn.4xlarge,io,prod,715.846643752,1180.168327,16,67977695.63520000,0.0379101982411531
2023-06-12,r6in.2xlarge,cmp,prod,116.0839924057,381.162484,8,10977479.5392,0.03806906413883190
2023-06-13,c5.2xlarge,cmp,prod,56.826,231,8,6652800,0.03075
2023-06-13,c5.2xlarge,io,prod,80.934,329,8,9475200,0.03075
2023-06-13,m5.4xlarge,cmp,prod,30.153388275900000,70.806662,16,4078463.7312000000,0.0266159527085707
2023-06-13,m5a.4xlarge,cmp,prod,1.2524282865000000,2.155555,16,124159.96800000000,0.03631397385186180
2023-06-13,m5ad.8xlarge,io,prod,69.4841389189,57.586384000000000,32,6633951.436800000,0.03770647139809340
2023-06-13,m5d.8xlarge,io,prod,4815.8687146099,4549.525555,32,524105343.936,0.03307947070792070
2023-06-13,m5dn.8xlarge,io,prod,21.208513036700000,17.421109,32,2006911.7568,0.038043848551597700
2023-06-13,m5n.4xlarge,cmp,prod,31.0201974507,52.357495,16,3015791.712,0.03702931816483490
2023-06-13,m6a.4xlarge,cmp,prod,48.5459219869,83.867773,16,4830783.7248,0.03617742567435590
2023-06-13,m6i.4xlarge,cmp,prod,2.0891451612,3.679446,16,211936.0896,0.035486747889492100
2023-06-13,m6id.8xlarge,io,prod,28.926068872200000,24.073331,32,2773247.7312,0.037549421484556900
2023-06-13,m6idn.8xlarge,io,prod,22.1458546701,18.161666,32,2092223.9232,0.038105422621505400
2023-06-13,m6in.4xlarge,cmp,prod,51.01164473830000,84.563883,16,4870879.660800000,0.03770200330256530
2023-06-13,r5.2xlarge,cmp,prod,2076.6641792311,11122.082879,8,320315986.9152,0.023339425288226900
2023-06-13,r5a.2xlarge,cmp,prod,16.6228879223,55.275282000000000,8,1591928.1216000000,0.03759114228105610
2023-06-13,r5ad.4xlarge,io,prod,2039.2720491946,3510.62369,16,202211924.544,0.03630537315569200
2023-06-13,r5b.2xlarge,cmp,prod,76.9956264244,254.270567,8,7322992.3296,0.037851228384801600
2023-06-13,r5d.4xlarge,io,prod,3366.5266888004,5916.763379,16,340805570.6304,0.03556132036593060
2023-06-13,r5dn.4xlarge,io,prod,2941.1172698413000,5046.302277,16,290667011.1552,0.03642663861078910
2023-06-13,r5n.2xlarge,cmp,prod,116.5752786184,388.218064,8,11180680.2432,0.037535372973525500
2023-06-13,r6a.2xlarge,cmp,prod,146.0802856817,485.529986,8,13983263.5968,0.037608461344779800
2023-06-13,r6i.2xlarge,cmp,prod,20.3251502715,70.950265,8,2043367.632,0.035808799078305100
2023-06-13,r6id.4xlarge,io,prod,7.9968336297,13.129162,16,756239.7312,0.03806808856926660
2023-06-13,r6idn.4xlarge,io,prod,879.2315934791000,1450.729159,16,83561999.5584,0.037878865432278600
2023-06-13,r6in.2xlarge,cmp,prod,58.8223931076,194.36223,8,5597632.224,0.03783039090696790
2023-06-14,c5.2xlarge,cmp,prod,48.462,197,8,5673600,0.030750000000000000
2023-06-14,c5.2xlarge,io,prod,68.88,280,8,8064000,0.03075
2023-06-14,m5.4xlarge,cmp,prod,27.7990145216,61.078336,16,3518112.1536,0.028446066500567400
2023-06-14,m5a.4xlarge,cmp,prod,0.9913775202,1.683335,16,96960.096,0.036808534850460500
2023-06-14,m5ad.8xlarge,io,prod,35.6173836311,29.324711,32,3378206.7072,0.03795581270935200
2023-06-14,m5d.8xlarge,io,prod,3161.4651074548,3009.995681,32,346751502.4512,0.032822566899876700
2023-06-14,m5dn.8xlarge,io,prod,116.5157760753,95.716114,32,11026496.3328,0.03804080473172080
2023-06-14,m5n.4xlarge,cmp,prod,5.1780723882,8.606384,16,495727.7184,0.037603426045421600
2023-06-14,m6a.4xlarge,cmp,prod,19.9477776145,34.479722,16,1986031.9872,0.03615853111884860
2023-06-14,m6i.4xlarge,cmp,prod,13.839593495,23.306658,16,1342463.5008,0.03711276809560170
2023-06-14,m6id.8xlarge,io,prod,15.4432601983,12.726664,32,1466111.6928000000,0.037920532921814800
2023-06-14,m6idn.8xlarge,io,prod,20.6511351708,16.91611,32,1948735.872,0.03814990409068630
2023-06-14,m6in.4xlarge,cmp,prod,10.0146350286,16.471946,16,948784.0896,0.03799883081740920
2023-06-14,r5.2xlarge,cmp,prod,1960.7709494024,10758.100251,8,309833287.2288,0.022782495325094000
2023-06-14,r5a.2xlarge,cmp,prod,21.0517459198,69.962774,8,2014927.8912,0.03761240570556850
2023-06-14,r5ad.4xlarge,io,prod,1749.0343638964,3013.373652,16,173570322.35520000,0.03627649948786540
2023-06-14,r5b.2xlarge,cmp,prod,65.5897816316,215.809455,8,6215312.304,0.03799056303603570
2023-06-14,r5d.4xlarge,io,prod,3222.2248257245,5682.896765,16,327334853.66400000,0.03543774591298270
2023-06-14,r5dn.4xlarge,io,prod,2724.9414967388,4656.805633,16,268232004.4608,0.03657203176772030
2023-06-14,r5n.2xlarge,cmp,prod,118.1506395849,394.299993,8,11355839.798400000,0.037455820974646800
2023-06-14,r6a.2xlarge,cmp,prod,68.3862540699,227.964986,8,6565391.5968,0.03749822246271410
2023-06-14,r6i.2xlarge,cmp,prod,24.990762586,86.394996,8,2488175.8848,0.03615771130135820
2023-06-14,r6id.4xlarge,io,prod,14.4757541684,23.738052000000000,16,1367311.7952000000,0.03811326369682740
2023-06-14,r6idn.4xlarge,io,prod,558.3118792193000,920.983892,16,53048672.1792,0.03788827660756340
2023-06-14,r6in.2xlarge,cmp,prod,91.0346929536,299.714152,8,8631767.5776,0.03796729831829900
2023-06-15,c5.2xlarge,cmp,prod,59.04,240,8,6912000,0.03075
2023-06-15,c5.2xlarge,io,prod,82.656,336,8,9676800,0.030750000000000000
2023-06-15,m5.4xlarge,cmp,prod,51.0611406318,118.29417200000000,16,6813744.3072,0.02697784037482000
2023-06-15,m5a.4xlarge,cmp,prod,2.6148962554000000,4.435279,16,255472.07040000000,0.036847967391115600
2023-06-15,m5ad.8xlarge,io,prod,183.10531267160000,151.10083,32,17406815.616,0.03786902441890960
2023-06-15,m5d.8xlarge,io,prod,5616.1062003471,5406.8438910000000,32,622868416.2432,0.03245947586039650
2023-06-15,m5dn.8xlarge,io,prod,143.69158025350000,118.781655,32,13683646.656,0.0378034965325401
2023-06-15,m5n.4xlarge,cmp,prod,39.6808361219,66.23055100000000,16,3814879.7376000000,0.037445743998396600
2023-06-15,m6a.4xlarge,cmp,prod,126.53822139340000,216.07585900000000,16,12445969.4784,0.036601214377620500
2023-06-15,m6i.4xlarge,cmp,prod,55.21446759770000,96.362505,16,5550480.288,0.03581169070746190
2023-06-15,m6id.8xlarge,io,prod,50.5326615369,41.461109,32,4776319.7568,0.03808739590222070
2023-06-15,m6idn.8xlarge,io,prod,39.4661279925,32.420832,32,3734879.8464000000,0.03804086519943800
2023-06-15,m6in.4xlarge,cmp,prod,18.118566729200000,29.751117,16,1713664.3392,0.038062786703941200
2023-06-15,r5.2xlarge,cmp,prod,2155.6179374618,11657.923845,8,335748206.736,0.023113227171945500
2023-06-15,r5a.2xlarge,cmp,prod,41.7449429305,139.546682,8,4018944.4416,0.03739334960549260
2023-06-15,r5ad.4xlarge,io,prod,3811.7414877578,6542.257776,16,376834047.8976,0.03641462185406600
2023-06-15,r5b.2xlarge,cmp,prod,85.80246893500000,282.717206,8,8142255.532800000,0.037936525932118200
2023-06-15,r5d.4xlarge,io,prod,2636.696598745,4630.332246,16,266707137.3696,0.035590002761448200
2023-06-15,r5d.8xlarge,io,prod,0.901993424,1.07278,32,123584.25600000000,0.026275
2023-06-15,r5dn.4xlarge,io,prod,2716.3763129757,4663.708954,16,268629635.7504,0.0364031120371199
2023-06-15,r5n.2xlarge,cmp,prod,155.9656647147,521.31192,8,15013783.296,0.03739739557334020
2023-06-15,r6a.2xlarge,cmp,prod,65.7057576968,219.316109,8,6316303.9392,0.03744923138363720
2023-06-15,r6i.2xlarge,cmp,prod,86.7959514097,297.388631,8,8564792.5728,0.03648254437208970
2023-06-15,r6id.4xlarge,io,prod,3.6861080069,6.060836,16,349104.1536,0.03801154666307590
2023-06-15,r6idn.4xlarge,io,prod,698.2339338088,1152.268331,16,66370655.8656,0.03787279376599480
2023-06-15,r6idn.8xlarge,io,prod,3.9589537659,3.2941680000000000,32,379488.1536000000,0.0375564649964346
2023-06-15,r6in.2xlarge,cmp,prod,161.60181274390000,534.5644610000000,8,15395456.476800000,0.0377881959365561
2023-06-16,c5.2xlarge,cmp,prod,68.88,280,8,8064000,0.03075
2023-06-16,c5.2xlarge,io,prod,96.18600000000000,391,8,11260800,0.030750000000000000
2023-06-16,m5.4xlarge,cmp,prod,99.5210068269,226.401118,16,13040704.3968,0.027473640508618200
2023-06-16,m5a.4xlarge,cmp,prod,6.8235413377,11.553613,16,665488.1088,0.03691237828428650
2023-06-16,m5ad.8xlarge,io,prod,84.0841460895,69.193614,32,7971104.3328,0.03797502996876090
2023-06-16,m5d.8xlarge,io,prod,2507.6310542975000,2369.121428,32,272922788.5056,0.033077017294529700
2023-06-16,m5dn.8xlarge,io,prod,72.4466308178,59.49334,32,6853632.768,0.03805396054510050
2023-06-16,m5n.4xlarge,cmp,prod,161.4620184543,270.17447,16,15562049.472,0.0373513313578213
2023-06-16,m6a.4xlarge,cmp,prod,96.8254995795,165.65223600000000,16,9541568.7936,0.03653191692334750
2023-06-16,m6i.4xlarge,cmp,prod,56.4392026317,96.32029200000000,16,5548048.819200000,0.036622087529398800
2023-06-16,m6id.8xlarge,io,prod,32.398780632,26.765276,32,3083359.7952,0.037827440850974200
2023-06-16,m6idn.8xlarge,io,prod,17.228327303100000,14.203613,32,1636256.2176,0.037904808320381200
2023-06-16,m6in.4xlarge,cmp,prod,74.8097721406,122.56138900000000,16,7059536.006400000,0.03814913323793600
2023-06-16,r5.2xlarge,cmp,prod,2214.6087551437,11844.114887,8,341110508.7456,0.023372459405709100
2023-06-16,r5a.2xlarge,cmp,prod,52.2014576899,174.669429,8,5030479.5552,0.03735732262133580
2023-06-16,r5ad.4xlarge,io,prod,1898.2166021522000,3287.226432,16,189344242.48320000,0.03609077138088440
2023-06-16,r5ad.8xlarge,io,prod,800.4690233023,686.3144600000000,32,79063425.792,0.03644780699826270
2023-06-16,r5b.2xlarge,cmp,prod,142.98821699060000,472.389429,8,13604815.5552,0.03783642483630810
2023-06-16,r5d.4xlarge,io,prod,3615.9619041,6346.295666,16,365546630.3616,0.035610950214157600
2023-06-16,r5d.8xlarge,io,prod,740.0466331207,852.726095,32,98234046.144,0.027120616362774600
2023-06-16,r5dn.4xlarge,io,prod,1313.1412513584,2227.6436400000000,16,128312273.66400000,0.03684221602423810
2023-06-16,r5dn.8xlarge,io,prod,196.1108862463,162.341936,32,18701791.027200000,0.03775035179571150
2023-06-16,r5n.2xlarge,cmp,prod,130.5098904069,434.68054800000000,8,12518799.7824,0.03753040336385720
2023-06-16,r6a.2xlarge,cmp,prod,38.9921029651,129.887223,8,3740752.0224,0.037524960177472600
2023-06-16,r6i.2xlarge,cmp,prod,41.1814214446,140.883342,8,4057440.2496000000,0.03653858296870190
2023-06-16,r6id.4xlarge,io,prod,6.7228231311,11.180004,16,643968.2304,0.037582852894663500
2023-06-16,r6id.8xlarge,io,prod,3.1375003182,2.664444,32,306943.9488,0.03679825319794670
2023-06-16,r6idn.4xlarge,io,prod,608.8725932101000,1004.862511,16,57880080.633600000,0.037870391878547500
2023-06-16,r6idn.8xlarge,io,prod,305.2377591036,253.703611,32,29226655.9872,0.037597730416172500
2023-06-16,r6in.2xlarge,cmp,prod,65.6003398452,216.046403,8,6222136.4064,0.0379550058079421
2023-06-17,c5.2xlarge,cmp,prod,88.56,360,8,10368000,0.03075
2023-06-17,c5.2xlarge,io,prod,123.984,504,8,14515200,0.03075
2023-06-17,m5.4xlarge,cmp,prod,66.3981062971,155.04945300000000,16,8930848.4928,0.026764890577000300
2023-06-17,m5a.4xlarge,cmp,prod,69.9262993952,117.508341,16,6768480.4416000000,0.03719219993242860
2023-06-17,m5ad.8xlarge,io,prod,100.16248572730000,82.38723200000000,32,9491009.126400000,0.037992266556280500
2023-06-17,m5d.8xlarge,io,prod,4056.4471365259,3842.936925,32,442706333.76,0.032986222644399600
2023-06-17,m5dn.8xlarge,io,prod,92.3689156317,76.170835,32,8774880.192,0.0378954571456467
2023-06-17,m5n.4xlarge,cmp,prod,41.3756292606,69.035009,16,3976416.5184,0.03745891926786740
2023-06-17,m6a.4xlarge,cmp,prod,308.1385064017,526.477249,16,30325089.542400000,0.03658022580593270
2023-06-17,m6i.4xlarge,cmp,prod,87.1625221352,155.881943,16,8978799.9168,0.03494732955343010
2023-06-17,m6id.8xlarge,io,prod,66.050553694,54.423050000000000,32,6269535.360000000,0.03792657344521300
2023-06-17,m6idn.8xlarge,io,prod,1.254086266,1.043333,32,120191.96160000000,0.0375625
2023-06-17,m6in.4xlarge,cmp,prod,64.3456737487,105.409454,16,6071584.5504,0.03815221933787600
2023-06-17,r5.2xlarge,cmp,prod,1642.6786439483,9068.058565,8,261160086.672,0.022643747724134500
2023-06-17,r5a.2xlarge,cmp,prod,3.8487519971,12.872225,8,370720.08,0.03737457973563230
2023-06-17,r5ad.4xlarge,io,prod,946.1359679289000,1634.440041,16,94143746.3616,0.03617966796712630
2023-06-17,r5ad.8xlarge,io,prod,727.0940800550000,624.918915,32,71990659.008,0.03635942112860960
2023-06-17,r5b.2xlarge,cmp,prod,161.956673934,532.536949,8,15337064.1312,0.03801536077405590
2023-06-17,r5d.4xlarge,io,prod,900.5491317306000,1578.805602,16,90939202.6752,0.035649937308217400
2023-06-17,r5d.8xlarge,io,prod,2047.7761675595,2359.712511,32,271838881.2672,0.027118983748200500
2023-06-17,r5dn.4xlarge,io,prod,1250.3367895919,2117.9870300000000,16,121996052.92800000,0.036896377665492
2023-06-17,r5dn.8xlarge,io,prod,88.5072879847,72.859173,32,8393376.7296,0.037961627007787700
2023-06-17,r5n.2xlarge,cmp,prod,44.8882644636,150.526387,8,4335159.9456,0.03727607610717450
2023-06-17,r6a.2xlarge,cmp,prod,73.0691521421,243.25248400000000,8,7005671.5392000000,0.03754799896622020
2023-06-17,r6i.2xlarge,cmp,prod,105.8318240539,365.03193700000000,8,10512919.7856,0.03624060435768800
2023-06-17,r6id.4xlarge,io,prod,1.7690985682,2.940834,16,169392.03840000000,0.03759772245305240
2023-06-17,r6id.8xlarge,io,prod,11.2452989731,9.485558000000000,32,1092736.2816,0.03704743494366650
2023-06-17,r6idn.4xlarge,io,prod,358.1260956446,590.988895,16,34040960.352,0.03787360670759730
2023-06-17,r6idn.8xlarge,io,prod,251.6980022576,207.65000700000000,32,23921280.8064,0.03787894199565330
2023-06-17,r6in.2xlarge,cmp,prod,70.07961847280000,230.28610900000000,8,6632239.9392,0.03803942993843370
2023-06-18,c5.2xlarge,cmp,prod,88.56,360,8,10368000,0.03075
2023-06-18,c5.2xlarge,io,prod,123.984,504,8,14515200,0.03075
2023-06-18,m5.4xlarge,cmp,prod,1.6590876730000000,3.817505,16,219888.288,0.027162500000000000
2023-06-18,m5ad.8xlarge,io,prod,49.7721430425,40.859445,32,4707008.064,0.038066583383061700
2023-06-18,m5d.8xlarge,io,prod,4732.0955252817,4461.110576,32,513919938.3552,0.03314824473542780
2023-06-18,m5dn.8xlarge,io,prod,28.2303934626,23.144729,32,2666272.7808000000,0.03811666127982100
2023-06-18,m6a.4xlarge,cmp,prod,98.19972138850000,171.71165600000000,16,9890591.385600000,0.03574295845578040
2023-06-18,m6i.4xlarge,cmp,prod,26.2604002488,47.239432,16,2720991.2832,0.03474375
2023-06-18,m6id.8xlarge,io,prod,268.4053570931,222.653612,32,25649696.1024,0.037671373636459900
2023-06-18,m6idn.8xlarge,io,prod,4.218831489300000,3.4544450000000000,32,397952.06400000000,0.03816488149055060
2023-06-18,m6in.4xlarge,cmp,prod,25.0675594527,41.173072000000000,16,2371568.9472000000,0.03805211488211880
2023-06-18,r5.2xlarge,cmp,prod,1822.3240291840000,10408.141188,8,299754466.2144,0.021885800695193300
2023-06-18,r5a.2xlarge,cmp,prod,69.52579920950000,231.466097,8,6666223.593600000,0.03754642694470930
2023-06-18,r5ad.4xlarge,io,prod,1866.7490338934000,3232.139211,16,186171218.5536,0.036097397730044000
2023-06-18,r5ad.8xlarge,io,prod,331.5923191344,287.043342,32,33067392.9984,0.03609998371935760
2023-06-18,r5b.2xlarge,cmp,prod,65.38601486820000,215.76,8,6213888,0.037881219218228600
2023-06-18,r5d.4xlarge,io,prod,2118.8915571662,3722.283616,16,214403536.2816,0.0355778161969288
2023-06-18,r5d.8xlarge,io,prod,1066.9064211756,1039.75694,32,119779999.488,0.032065980402821400
2023-06-18,r5dn.4xlarge,io,prod,493.8609495382,833.8822300000000,16,48031616.448,0.03701519019794620
2023-06-18,r5dn.8xlarge,io,prod,72.336550472,59.549726,32,6860128.4352,0.03796016126505770
2023-06-18,r5n.2xlarge,cmp,prod,74.9747399303,249.37278300000000,8,7181936.150400000,0.03758165738274450
2023-06-18,r6a.2xlarge,cmp,prod,81.963596509,273.771663,8,7884623.8944,0.03742333830811770
2023-06-18,r6i.2xlarge,cmp,prod,233.11907124180000,800.869743,8,23065048.5984,0.03638529755921250
2023-06-18,r6id.4xlarge,io,prod,19.9967035464,32.695834,16,1883280.0384,0.03822486900471790
2023-06-18,r6id.8xlarge,io,prod,346.0113624865,293.687494,32,33832799.308800000,0.03681755368753670
2023-06-18,r6idn.4xlarge,io,prod,326.0854460229,538.273892,16,31004576.1792,0.037862398082705500
2023-06-18,r6idn.8xlarge,io,prod,193.8634113208,159.719448,32,18399680.4096,0.037930456682864300
2023-06-18,r6in.2xlarge,cmp,prod,19.379333624900000,64.062788,8,1845008.2944,0.03781316390901530
2023-06-19,c5.2xlarge,cmp,prod,88.56,360,8,10368000,0.03075
2023-06-19,c5.2xlarge,io,prod,123.984,504,8,14515200,0.03075
2023-06-19,m5.4xlarge,cmp,prod,109.76780948890000,233.46055000000000,16,13447327.68,0.029386070122152300
2023-06-19,m5a.4xlarge,cmp,prod,8.0022368453,13.515552,16,778495.7952000000,0.037004763314976000
2023-06-19,m5ad.8xlarge,io,prod,83.8648980598,69.196387,32,7971423.7824,0.037874492845540500
2023-06-19,m5d.8xlarge,io,prod,5797.4906925352,5392.097766,32,621169662.6432,0.0335994620283235
2023-06-19,m5dn.8xlarge,io,prod,144.36781426110000,119.260554,32,13738815.8208,0.03782888846600000
2023-06-19,m5n.4xlarge,cmp,prod,19.8017402397,33.176963,16,1910993.0688,0.03730325662964540
2023-06-19,m6a.4xlarge,cmp,prod,368.1750111412,646.9610920000000,16,37264958.89920000,0.03556773116786600
2023-06-19,m6i.4xlarge,cmp,prod,221.55722891190000,403.70553,16,23253438.528,0.03430056260808160
2023-06-19,m6id.8xlarge,io,prod,28.1363555759,23.198055,32,2672415.936,0.037902363441541800
2023-06-19,m6idn.8xlarge,io,prod,15.6405287267,12.835003,32,1478592.3456000000,0.03808074861450170
2023-06-19,m6in.4xlarge,cmp,prod,65.253624977,107.203917,16,6174945.619200000,0.03804293420605610
2023-06-19,r5.2xlarge,cmp,prod,1773.0284441191000,10242.100545000000,8,294972495.69600000,0.02163897479243970
2023-06-19,r5a.2xlarge,cmp,prod,12.0246523226,39.992772,8,1151791.8336,0.03758382990618910
2023-06-19,r5ad.4xlarge,io,prod,1629.4612353427000,2834.68952,16,163278116.352,0.03592680132705280
2023-06-19,r5ad.8xlarge,io,prod,609.5180018188000,529.412777,32,60988351.9104,0.03597842436817030
2023-06-19,r5b.2xlarge,cmp,prod,155.3617606243,514.912244,8,14829472.6272,0.037715591936938900
2023-06-19,r5d.4xlarge,io,prod,2152.4471972772,3772.463336,16,217293888.15360000,0.03566050557630260
2023-06-19,r5d.8xlarge,io,prod,668.7997839482,773.780248,32,89139484.5696,0.027010243932178100
2023-06-19,r5dn.4xlarge,io,prod,1486.5543091154,2526.844497,16,145546243.0272,0.0367690391830679
2023-06-19,r5dn.8xlarge,io,prod,118.0332716517,97.451932,32,11226462.5664,0.037849836975172800
2023-06-19,r5n.2xlarge,cmp,prod,102.868335663,342.141938,8,9853687.814400000,0.037582478292605600
2023-06-19,r6a.2xlarge,cmp,prod,72.17454825490000,240.00862,8,6912248.256,0.03758956045771400
2023-06-19,r6i.2xlarge,cmp,prod,56.751915109,195.662226,8,5635072.1088000000,0.036256305234026100
2023-06-19,r6id.4xlarge,io,prod,34.3026411421,56.172232000000000,16,3235520.5632000000,0.03816681294382700
2023-06-19,r6id.8xlarge,io,prod,7.4618478906000000,6.410278,32,738464.0256000000,0.036376385951007100
2023-06-19,r6idn.4xlarge,io,prod,421.7913194097,695.991396,16,40089104.4096,0.03787684390153910
2023-06-19,r6idn.8xlarge,io,prod,272.1804057598,223.633341,32,25762560.8832,0.038033853279479200
2023-06-19,r6in.2xlarge,cmp,prod,60.262522749,200.05473600000000,8,5761576.3968,0.03765377163390420
2023-06-20,c5.2xlarge,cmp,prod,88.56,360,8,10368000,0.03075
2023-06-20,c5.2xlarge,io,prod,123.984,504,8,14515200,0.03075
2023-06-20,m5.4xlarge,cmp,prod,307.3879372929,653.995267,16,37670127.3792,0.029375971127335800
2023-06-20,m5a.4xlarge,cmp,prod,36.2777339114,61.534164,16,3544367.8464,0.03684714672425710
2023-06-20,m5ad.8xlarge,io,prod,91.083121326,74.986659,32,8638463.1168,0.03795805253088420
2023-06-20,m5d.8xlarge,io,prod,3664.5257110349,3380.6694690000000,32,389453122.8288,0.03387389081361880
2023-06-20,m5dn.8xlarge,io,prod,55.1766344554,45.558328,32,5248319.385600000,0.03784752212002270
2023-06-20,m5n.4xlarge,cmp,prod,19.0184095779,31.634176,16,1822128.5376,0.037574887318662900
2023-06-20,m6a.4xlarge,cmp,prod,363.6660041448,623.615827,16,35920271.6352,0.036447319447282100
2023-06-20,m6i.4xlarge,cmp,prod,695.8108398,1229.228082,16,70803537.5232,0.03537844450864080
2023-06-20,m6id.8xlarge,io,prod,4.3214724194,3.5786100000000000,32,412255.872,0.03773700210591540
2023-06-20,m6idn.8xlarge,io,prod,10.475032998,8.654442,32,996991.7184,0.03782390374648070
2023-06-20,m6in.4xlarge,cmp,prod,70.8187879108,116.252232,16,6696128.5632,0.038073886137730200
2023-06-20,r5.2xlarge,cmp,prod,1368.843059437,7754.392066000000,8,223326491.5008,0.022065608879883100
2023-06-20,r5a.2xlarge,cmp,prod,14.584129225300000,48.642224,8,1400896.0512,0.03747805925079620
2023-06-20,r5ad.4xlarge,io,prod,1516.8085429046,2640.822282,16,152111363.4432,0.03589811195463760
2023-06-20,r5ad.8xlarge,io,prod,346.0248742077,294.730574,32,33952962.1248,0.03668868543984390
2023-06-20,r5b.2xlarge,cmp,prod,177.81332054260000,590.338329,8,17001743.8752,0.037650723281809800
2023-06-20,r5d.4xlarge,io,prod,1600.5056266554,2816.678886,16,162240703.8336,0.03551402403843720
2023-06-20,r5d.8xlarge,io,prod,1862.4260685882,2024.914211,32,233270117.1072,0.028742360702105400
2023-06-20,r5dn.4xlarge,io,prod,1519.227511858,2587.903374,16,149063234.34240000,0.036690596892094400
2023-06-20,r5dn.8xlarge,io,prod,176.7820140004,146.980847,32,16932193.5744,0.03758610764783860
2023-06-20,r5n.2xlarge,cmp,prod,130.5773028897,435.696401,8,12548056.3488,0.037462239356924400
2023-06-20,r6a.2xlarge,cmp,prod,89.90593432300000,299.56388000000000,8,8627439.744,0.037515343272944000
2023-06-20,r6i.2xlarge,cmp,prod,127.8820524771,439.253339,8,12650496.1632,0.03639188400031150
2023-06-20,r6id.4xlarge,io,prod,13.624748553,22.430001,16,1291968.0576,0.037964634266512100
2023-06-20,r6id.8xlarge,io,prod,135.70000927770000,118.094718,32,13604511.5136,0.035908678743177400
2023-06-20,r6idn.4xlarge,io,prod,539.206801165,891.407525,16,51345073.44,0.0378058566117809
2023-06-20,r6idn.8xlarge,io,prod,250.3978423931,206.21583,32,23756063.616,0.037945353539465800
2023-06-20,r6in.2xlarge,cmp,prod,177.6875756666,587.9633610000000,8,16933344.796800000,0.037776073190256100
2023-06-21,c5.2xlarge,cmp,prod,87.33,355,8,10224000,0.03075
2023-06-21,c5.2xlarge,io,prod,123.492,502,8,14457600,0.03075
2023-06-21,m5.4xlarge,cmp,prod,289.0276693701,639.82752,16,36854065.152,0.028232967121563100
2023-06-21,m5a.4xlarge,cmp,prod,6.7193263839,11.356389,16,654128.0064,0.03697987969536360
2023-06-21,m5ad.8xlarge,io,prod,119.8960976541,99.458058,32,11457568.281600000,0.03767168922291470
2023-06-21,m5d.8xlarge,io,prod,3225.2449810077,3016.483095,32,347498852.544,0.03341272020504750
2023-06-21,m5dn.8xlarge,io,prod,26.7926401788,22.348061,32,2574496.6272,0.03746499553529500
2023-06-21,m5n.4xlarge,cmp,prod,8.1883866102,13.668334000000000,16,787296.0384000000,0.037442322022384
2023-06-21,m6a.4xlarge,cmp,prod,225.1049226854,386.815549,16,22280575.6224,0.036371489471426300
2023-06-21,m6i.4xlarge,cmp,prod,402.6543648137,716.169445,16,41251360.032,0.03513958599679750
2023-06-21,m6id.8xlarge,io,prod,0.9156273216,0.7600010000000000,32,87552.11520000000,0.037649100198552400
2023-06-21,m6idn.8xlarge,io,prod,7.066109593200000,5.806388,32,668895.8976,0.03802982590682880
2023-06-21,m6in.4xlarge,cmp,prod,22.6972484555,37.511111,16,2160639.9936,0.03781754234015490
2023-06-21,r5.2xlarge,cmp,prod,1717.4552056986,9485.169211,8,273172873.27680000,0.022633428664968600
2023-06-21,r5a.2xlarge,cmp,prod,11.4920168815,38.563337,8,1110624.1056,0.037250461758210900
2023-06-21,r5ad.4xlarge,io,prod,1760.107466334,3038.83755,16,175037042.88,0.036200262381868700
2023-06-21,r5ad.8xlarge,io,prod,494.0713886335,419.502512,32,48326689.3824,0.03680485921571040
2023-06-21,r5b.2xlarge,cmp,prod,193.9192277325,641.908057,8,18486952.0416,0.03776226704467510
2023-06-21,r5d.4xlarge,io,prod,1646.0691896386,2894.795042,16,166740194.41920000,0.03553941569601890
2023-06-21,r5d.8xlarge,io,prod,1193.0829648522,1287.244738,32,148290593.8176,0.028964066856128200
2023-06-21,r5dn.4xlarge,io,prod,1819.4784389512,3064.959503,16,176541667.3728,0.03710241597748450
2023-06-21,r5dn.8xlarge,io,prod,147.4021407072,122.95056,32,14163904.512,0.037464789888716200
2023-06-21,r5n.2xlarge,cmp,prod,106.260042205,357.043025,8,10282839.12,0.037201413682916800
2023-06-21,r6a.2xlarge,cmp,prod,157.7835154701,525.280852,8,15128088.5376,0.037547417459950600
2023-06-21,r6i.2xlarge,cmp,prod,111.6067432775,385.388876,8,11099199.6288,0.03619939177924660
2023-06-21,r6id.4xlarge,io,prod,54.15778289400000,88.96583200000000,16,5124431.923200000,0.038046757443633000
2023-06-21,r6id.8xlarge,io,prod,80.9407658201,70.596115,32,8132672.448,0.03582915195656480
2023-06-21,r6idn.4xlarge,io,prod,416.3027236799,687.491127,16,39599488.9152,0.037846190602535200
2023-06-21,r6idn.8xlarge,io,prod,310.5981598851,256.591394,32,29559328.5888,0.037827428056333700
2023-06-21,r6in.2xlarge,cmp,prod,88.179513766,291.518342,8,8395728.2496,0.03781044837566340
2023-06-22,c5.2xlarge,cmp,prod,76.587453552,311.331112,8,8966336.025600000,0.03075
2023-06-22,c5.2xlarge,io,prod,113.616671202,461.856387,8,13301463.9456,0.030750000000000000
2023-06-22,m5.4xlarge,cmp,prod,159.04362114850000,329.238883,16,18964159.6608,0.03019153215199450
2023-06-22,m5a.4xlarge,cmp,prod,9.439794768,15.832224,16,911936.1024,0.03726495866910420
2023-06-22,m5ad.8xlarge,io,prod,73.72149377940000,60.756666,32,6999167.923200000,0.03791841837743780
2023-06-22,m5d.8xlarge,io,prod,3595.5628582773,3343.50169,32,385171394.688,0.03360588680341470
2023-06-22,m5dn.8xlarge,io,prod,14.2219522529,11.771668,32,1356096.1536,0.03775471818463830
2023-06-22,m5n.4xlarge,cmp,prod,0.4430732642,0.737501,16,42480.0576,0.037548530798602300
2023-06-22,m6a.4xlarge,cmp,prod,152.5564067337,261.206936,16,15045519.5136,0.03650276507533570
2023-06-22,m6i.4xlarge,cmp,prod,198.6840931301,353.904439,16,20384895.6864,0.03508787811681350
2023-06-22,m6id.8xlarge,io,prod,11.6110882745,9.66611,32,1113535.872,0.03753800738643830
2023-06-22,m6idn.8xlarge,io,prod,7.6261466036,6.277221,32,723135.8592,0.03796538012004040
2023-06-22,m6in.4xlarge,cmp,prod,11.2053921569,18.528054,16,1067215.9104000000,0.037798735355923000
2023-06-22,r5.2xlarge,cmp,prod,1727.9740736918000,9786.639412,8,281855215.06560000,0.02207057500725200
2023-06-22,r5a.2xlarge,cmp,prod,9.3896549159,31.375836,8,903624.0768,0.03740798697722350
2023-06-22,r5ad.4xlarge,io,prod,2074.2599081714,3599.4403620000000,16,207327764.8512,0.03601705577049160
2023-06-22,r5ad.8xlarge,io,prod,426.3244401736,359.51889800000000,32,41416577.049600000,0.03705685244792060
2023-06-22,r5b.2xlarge,cmp,prod,120.0844635739,398.53945,8,11477936.160000000,0.03766391996259720
2023-06-22,r5d.4xlarge,io,prod,3928.4012844851,6920.4867810000000,16,398620038.5856,0.03547800726307300
2023-06-22,r5d.8xlarge,io,prod,1709.1695369197,1836.85365,32,211605540.48,0.02907773737376440
2023-06-22,r5dn.4xlarge,io,prod,1824.2498938132,3082.858995,16,177572678.112,0.036983727944821200
2023-06-22,r5dn.8xlarge,io,prod,146.09793475110000,121.768335,32,14027712.192000000,0.03749382350486990
2023-06-22,r5n.2xlarge,cmp,prod,90.0597268662,301.640281,8,8687240.0928,0.037320830695934100
2023-06-22,r6a.2xlarge,cmp,prod,109.1087773263,363.325294,8,10463768.4672,0.03753825398621300
2023-06-22,r6i.2xlarge,cmp,prod,130.7352862063,452.371696,8,13028304.8448,0.03612496299014140
2023-06-22,r6id.4xlarge,io,prod,20.151144142,33.314169,16,1918896.1344,0.03780513056996860
2023-06-22,r6id.8xlarge,io,prod,54.7815224247,47.731946,32,5498720.1792,0.03586534217087810
2023-06-22,r6idn.4xlarge,io,prod,486.7703738967,804.405031,16,46333729.7856,0.0378206838546535
2023-06-22,r6idn.8xlarge,io,prod,343.64472556280000,285.47248,32,32886429.696,0.03761797870616990
2023-06-22,r6in.2xlarge,cmp,prod,84.4126374553,278.664419,8,8025535.267200000,0.03786482579935150
2023-06-23,c5.2xlarge,cmp,prod,51.754299918,210.383333,8,6059039.9904,0.030750000000000000
2023-06-23,c5.2xlarge,io,prod,78.677154918,319.825833,8,9210983.9904,0.03075
2023-06-23,m5.4xlarge,cmp,prod,565.2035841345,1137.079734,16,65495792.6784,0.031066620002222500
2023-06-23,m5a.4xlarge,cmp,prod,0.019917065,0.033334,16,1920.0384,0.03734375000000000
2023-06-23,m5ad.8xlarge,io,prod,19.8849097257,16.492499000000000,32,1899935.8848000000,0.0376779424954414
2023-06-23,m5d.8xlarge,io,prod,238.2759805892,218.952784,32,25223360.7168,0.034007900047585100
2023-06-23,m5n.4xlarge,cmp,prod,4.7111804416,7.833892,16,451232.1792,0.03758652501208850
2023-06-23,m6a.4xlarge,cmp,prod,122.1981615041,205.868069,16,11858000.7744,0.03709844431486970
2023-06-23,m6i.4xlarge,cmp,prod,241.6393132033,447.412794,16,25770976.9344,0.033755085410468300
2023-06-23,m6id.8xlarge,io,prod,5.6781794364,4.690278,32,540320.0256,0.037832108755067400
2023-06-23,m6in.4xlarge,cmp,prod,4.9637300486,8.143055,16,469039.968,0.0380978794859546
2023-06-23,r5.2xlarge,cmp,prod,1821.2987733318,10433.623146000000,8,300488346.60480000,0.021820066096000000
2023-06-23,r5a.2xlarge,cmp,prod,5.8453315736,19.541387,8,562791.9456,0.03739071575113890
2023-06-23,r5ad.4xlarge,io,prod,2372.4337717576000,4082.505032,16,235152289.8432,0.03632012932564830
2023-06-23,r5ad.8xlarge,io,prod,773.670073761,657.866944,32,75786271.9488,0.036750881049027500
2023-06-23,r5b.2xlarge,cmp,prod,101.5131277278,335.144728,8,9652168.1664,0.03786167558624110
2023-06-23,r5d.4xlarge,io,prod,4977.6093334272,8793.14785,16,506485316.16,0.03537988768597810
2023-06-23,r5d.8xlarge,io,prod,1182.5281352372,1403.552193,32,161689212.6336,0.026328913460051500
2023-06-23,r5dn.4xlarge,io,prod,2655.2994792669,4502.920631,16,259368228.3456,0.03685523931105270
2023-06-23,r5dn.8xlarge,io,prod,190.4042636946,157.491944,32,18143071.9488,0.03778055619439330
2023-06-23,r5n.2xlarge,cmp,prod,107.9445889232,361.58053,8,10413519.264,0.037316925265306700
2023-06-23,r6a.2xlarge,cmp,prod,101.5878561821,337.97695300000000,8,9733736.2464,0.03757203534160060
2023-06-23,r6i.2xlarge,cmp,prod,60.908028832300000,210.326388,8,6057399.974400000,0.036198518295467000
2023-06-23,r6id.4xlarge,io,prod,15.7747861665,26.180827,16,1508015.6352,0.0376582502686508
2023-06-23,r6id.8xlarge,io,prod,178.3412943323,154.82723,32,17836096.896000000,0.03599602891483870
2023-06-23,r6idn.4xlarge,io,prod,515.6639882412,856.534746,16,49336401.369600000,0.03762719424469790
2023-06-23,r6idn.8xlarge,io,prod,484.9089286665,402.311409,32,46346274.316800000,0.03766585704962730
2023-06-23,r6in.2xlarge,cmp,prod,53.3574448326,176.37917400000000,8,5079720.2112,0.03781444516842450
2023-06-24,c5.2xlarge,cmp,prod,30.93,120,8,3456000,0.03221875
2023-06-24,c5.2xlarge,io,prod,49.488,192,8,5529600,0.03221875
2023-06-24,m5.4xlarge,cmp,prod,699.2135500865000,1585.558882,16,91328191.6032,0.027561793747629600
2023-06-24,m5n.4xlarge,cmp,prod,0.0637228658,0.106667,16,6144.0192,0.0373375
2023-06-24,m6a.4xlarge,cmp,prod,175.0828065725,311.880592,16,17964322.0992,0.03508610568105260
2023-06-24,m6i.4xlarge,cmp,prod,434.7384122041,778.155045,16,44821730.592,0.034917399735879400
2023-06-24,m6in.4xlarge,cmp,prod,9.7656579267,15.994162,16,921263.7312,0.03816102528027100
2023-06-24,r5.2xlarge,cmp,prod,1336.7327358913,7039.433574000000,8,202735686.93120000,0.023736510932294600
2023-06-24,r5ad.4xlarge,io,prod,1090.5617729934,1873.814192,16,107931697.4592,0.036375063815338800
2023-06-24,r5ad.8xlarge,io,prod,758.1653321172000,647.511695,32,74593347.264,0.03659033004595000
2023-06-24,r5b.2xlarge,cmp,prod,3.8862289204,12.779444,8,368047.9872,0.0380125
2023-06-24,r5d.4xlarge,io,prod,4759.5879080474,8411.782234,16,484518656.6784,0.035363997304945300
2023-06-24,r5d.8xlarge,io,prod,1388.9239676347,1511.485561,32,174123136.6272,0.02871603613591140
2023-06-24,r5dn.4xlarge,io,prod,1629.1699442099,2786.147499,16,160482095.9424,0.036546206383425500
2023-06-24,r5dn.8xlarge,io,prod,155.4359649463,129.018322,32,14862910.6944,0.03764871399096230
2023-06-24,r5n.2xlarge,cmp,prod,3.6881618572,12.302501,8,354312.0288,0.03747370003465150
2023-06-24,r6a.2xlarge,cmp,prod,85.70299043410000,284.457531,8,8192376.8928,0.03766071429573960
2023-06-24,r6i.2xlarge,cmp,prod,223.7461419775,762.514717,8,21960423.8496,0.03667898746561180
2023-06-24,r6id.4xlarge,io,prod,7.5955797016,12.533056000000000,16,721904.0256000000,0.037877731604327000
2023-06-24,r6id.8xlarge,io,prod,172.4674669856,151.02082100000000,32,17397598.5792,0.03568784958002580
2023-06-24,r6idn.4xlarge,io,prod,466.1288716501,776.373335,16,44719104.096,0.037524542851708400
2023-06-24,r6idn.8xlarge,io,prod,398.1727308472,330.45914700000000,32,38068893.7344,0.03765336185103390
2023-06-24,r6in.2xlarge,cmp,prod,64.5964064483,214.622505,8,6181128.144,0.037622106805796100
2023-06-25,c5.2xlarge,cmp,prod,40.8,120,8,3456000,0.042500000000000000
2023-06-25,c5.2xlarge,io,prod,65.28,192,8,5529600,0.0425
2023-06-25,r5.2xlarge,cmp,prod,2678.4323336955,13405.556526,8,386080027.9488,0.024975019952553800
2023-06-25,r5ad.4xlarge,io,prod,1447.4495549636,2508.313096,16,144478834.3296,0.036066309795810700
2023-06-25,r5ad.8xlarge,io,prod,383.8307787188,328.923069,32,37891937.5488,0.036466617776093100
2023-06-25,r5d.4xlarge,io,prod,3870.5155698574,6821.6748260000000,16,392928469.9776,0.035461558823368000
2023-06-25,r5d.8xlarge,io,prod,1536.718915648,1534.923887,32,176823231.78240000,0.03128654555494580
2023-06-25,r5dn.4xlarge,io,prod,1361.3275439664,2299.142237,16,132430592.8512,0.03700639748540270
2023-06-25,r5dn.8xlarge,io,prod,73.3065802166,60.476381,32,6966879.091200000,0.03787975725215350
2023-06-25,r6i.2xlarge,cmp,prod,0.7673254848,2.647776,8,76255.9488,0.036225
2023-06-25,r6id.4xlarge,io,prod,12.6307891803,20.683889000000000,16,1191392.0064000000,0.038166145823387000
2023-06-25,r6id.8xlarge,io,prod,920.7488571021,789.303345,32,90927745.344,0.03645417438898680
2023-06-25,r6idn.4xlarge,io,prod,382.8632085183,633.529719,16,36491311.8144,0.0377708413903054
2023-06-25,r6idn.8xlarge,io,prod,271.4664958724,225.137771,32,25935871.2192,0.03768060756012590
2023-06-26,c5.2xlarge,cmp,prod,40.8,120,8,3456000,0.042500000000000000
2023-06-26,c5.2xlarge,io,prod,65.28,192,8,5529600,0.0425
2023-06-26,m5.4xlarge,cmp,prod,154.7421116711,373.48249,16,21512591.424,0.025895141642232700
2023-06-26,m5a.4xlarge,cmp,prod,4.876448082,8.184447,16,471424.1472,0.03723868028285850
2023-06-26,m5n.4xlarge,cmp,prod,26.0888218971,43.458059,16,2503184.1984,0.03752011493584540
2023-06-26,m6a.4xlarge,cmp,prod,18.7368337281,31.582775,16,1819167.84,0.03707882249125510
2023-06-26,m6i.4xlarge,cmp,prod,60.599335135,113.108607,16,6515055.7632,0.03348514800414350
2023-06-26,m6in.4xlarge,cmp,prod,3.6530048582,5.970837,16,343920.2112,0.03823798968846410
2023-06-26,r5.2xlarge,cmp,prod,1974.6084574738,10717.263199,8,308657180.1312,0.023030698472279300
2023-06-26,r5a.2xlarge,cmp,prod,1.0659166588,3.511112,8,101120.0256,0.03794797270779170
2023-06-26,r5ad.4xlarge,io,prod,1548.9001652188,2652.890562,16,152806496.3712,0.036490860841690100
2023-06-26,r5ad.8xlarge,io,prod,361.4067426996,303.223902,32,34931393.510400000,0.0372462745676378
2023-06-26,r5b.2xlarge,cmp,prod,91.1635345593,301.102204,8,8671743.4752,0.03784576023864810
2023-06-26,r5d.4xlarge,io,prod,5717.6253531384,10060.630645,16,579492325.152,0.03551979962098590
2023-06-26,r5d.8xlarge,io,prod,59.3330482643,64.753885,32,7459647.552000000,0.028633923018817700
2023-06-26,r5dn.4xlarge,io,prod,2631.7423727114,4427.84416,16,255043823.616,0.037147625876350300
2023-06-26,r5dn.8xlarge,io,prod,239.5904236714,198.621386,32,22881183.6672,0.037695843788600100
2023-06-26,r5n.2xlarge,cmp,prod,121.4047345391,401.989996,8,11577311.8848,0.03775116786087260
2023-06-26,r6a.2xlarge,cmp,prod,117.172091306,389.428609,8,11215543.9392,0.03761026045533800
2023-06-26,r6i.2xlarge,cmp,prod,202.0981865923,687.1663540000000,8,19790390.9952,0.03676296602268960
2023-06-26,r6id.4xlarge,io,prod,3.1398228988,5.137498,16,295919.8848,0.03819737373620390
2023-06-26,r6id.8xlarge,io,prod,54.098995690600000,46.562502,32,5364000.230400000,0.03630804923952000
2023-06-26,r6idn.4xlarge,io,prod,474.3003397541,783.8872360000000,16,45151904.79360000,0.037816371887743400
2023-06-26,r6idn.8xlarge,io,prod,235.7303087546,194.732221,32,22433151.8592,0.03782924115358010
2023-06-26,r6in.2xlarge,cmp,prod,54.620571414,179.92889200000000,8,5181952.0896000000,0.03794594270468800
2023-06-27,c5.2xlarge,cmp,prod,29.52,120,8,3456000,0.03075
2023-06-27,c5.2xlarge,io,prod,46.986,191,8,5500800,0.03075
2023-06-27,m5.4xlarge,cmp,prod,581.8989343824000,1349.757511,16,77746032.6336,0.02694460531059050
2023-06-27,m5a.4xlarge,cmp,prod,0.7880855360000000,1.318332,16,75935.9232,0.03736186787546690
2023-06-27,m5ad.8xlarge,io,prod,76.34773538350000,62.661398,32,7218593.0496,0.03807554262888250
2023-06-27,m5d.8xlarge,io,prod,1738.6411278515,1628.312241,32,187581570.1632,0.033367393474848500
2023-06-27,m5dn.8xlarge,io,prod,4.9170606802,4.018336,32,462912.3072,0.038239247851909300
2023-06-27,m5n.4xlarge,cmp,prod,36.4253033444,60.272218,16,3471679.7568,0.03777165557479570
2023-06-27,m6a.4xlarge,cmp,prod,244.7362297209,410.252214,16,23630527.5264,0.037284416355535500
2023-06-27,m6i.4xlarge,cmp,prod,221.4520784802,413.012486,16,23789519.193600000,0.033511710599985300
2023-06-27,m6id.8xlarge,io,prod,1.1157609527,0.910834,32,104928.0768,0.03828088298402890
2023-06-27,m6idn.8xlarge,io,prod,2.1195698596000000,1.731109,32,199423.7568,0.038262500000000000
2023-06-27,m6in.4xlarge,cmp,prod,14.8146818779,24.191109,16,1393407.8784,0.038275120721780500
2023-06-27,r5.2xlarge,cmp,prod,1768.508376629,9363.32027,8,269663623.776,0.02360952532905560
2023-06-27,r5a.2xlarge,cmp,prod,13.8687311908,45.718057,8,1316680.0416,0.03791918363569130
2023-06-27,r5ad.4xlarge,io,prod,1707.3114007195,2904.921402,16,167323472.7552,0.036733166849713200
2023-06-27,r5ad.8xlarge,io,prod,455.5950174232,380.668614,32,43853024.3328,0.03740088825519770
2023-06-27,r5b.2xlarge,cmp,prod,94.0240700783,308.635546,8,8888703.7248,0.0380805416359511
2023-06-27,r5d.4xlarge,io,prod,5029.2992039485,8819.322514,16,507992976.8064,0.03564119576620590
2023-06-27,r5d.8xlarge,io,prod,189.9126058144,228.53277,32,26326975.104,0.025969006246675300
2023-06-27,r5dn.4xlarge,io,prod,3468.7699575464,5807.213926,16,334495522.1376,0.03733255311570380
2023-06-27,r5dn.8xlarge,io,prod,725.3729505693,601.154436,32,69252991.0272,0.03770729008691970
2023-06-27,r5n.2xlarge,cmp,prod,136.0805497948,449.755277,8,12952951.9776,0.037820720721304600
2023-06-27,r6a.2xlarge,cmp,prod,112.6114219998,373.393358,8,10753728.7104,0.03769865598406010
2023-06-27,r6i.2xlarge,cmp,prod,89.89991434090000,306.667787,8,8832032.2656,0.036643852954182300
2023-06-27,r6id.4xlarge,io,prod,2.24533925,3.6575,16,210672,0.03836875000000000
2023-06-27,r6id.8xlarge,io,prod,4.2592146233,3.49,32,402048,0.03813766675590970
2023-06-27,r6idn.4xlarge,io,prod,659.1497097788,1081.89752,16,62317297.152,0.038078335609064900
2023-06-27,r6idn.8xlarge,io,prod,384.0829712109,315.063887,32,36295359.782400000,0.03809574294479720
2023-06-27,r6in.2xlarge,cmp,prod,91.3816546495,298.915547,8,8608767.7536,0.03821382643301420
2023-06-28,c5.2xlarge,cmp,prod,29.52,120,8,3456000,0.03075
2023-06-28,c5.2xlarge,io,prod,47.232,192,8,5529600,0.03075
2023-06-28,m5.4xlarge,cmp,prod,592.5489230071,1285.9319170000000,16,74069678.41920000,0.028799586664232200
2023-06-28,m5a.4xlarge,cmp,prod,14.0446781542,23.529725,16,1355312.16,0.03730567971523250
2023-06-28,m5ad.8xlarge,io,prod,343.8742371283,282.337216,32,32525247.283200000,0.03806111734933090
2023-06-28,m5d.8xlarge,io,prod,4728.5059415138,4491.694436,32,517443199.0272,0.032897565223492000
2023-06-28,m5dn.8xlarge,io,prod,45.3026601582,37.029447,32,4265792.2944,0.03823195442113270
2023-06-28,m5n.4xlarge,cmp,prod,58.1918062994,96.554984,16,5561567.0784,0.03766753142139720
2023-06-28,m6a.4xlarge,cmp,prod,373.67612574170000,625.4391810000000,16,36025296.825600000,0.037341373179587000
2023-06-28,m6i.4xlarge,cmp,prod,103.6020444735,195.653887,16,11269663.8912,0.03309480776936340
2023-06-28,m6id.8xlarge,io,prod,26.5404051841,21.697506,32,2499552.6912000000,0.03822502282073920
2023-06-28,m6idn.8xlarge,io,prod,6.2272998766,5.076945,32,584864.064,0.03833075228188410
2023-06-28,m6in.4xlarge,cmp,prod,17.8177897906,29.118888,16,1677247.9488,0.03824362598985580
2023-06-28,r5.2xlarge,cmp,prod,2061.4269855227,10517.479425,8,302903407.44,0.024500012101553300
2023-06-28,r5a.2xlarge,cmp,prod,29.4597278364,97.105001,8,2796624.0288,0.037922516262061500
2023-06-28,r5ad.4xlarge,io,prod,972.8974063057,1643.324183,16,94655472.9408,0.03700188223549450
2023-06-28,r5ad.8xlarge,io,prod,785.979688794,661.143934,32,76163781.1968,0.03715055680267730
2023-06-28,r5b.2xlarge,cmp,prod,148.2907649049,487.761914,8,14047543.1232,0.038002855657796400
2023-06-28,r5d.4xlarge,io,prod,3247.85174431,5689.523083,16,327716529.5808,0.03567798760249360
2023-06-28,r5d.8xlarge,io,prod,662.4890630646,680.447765,32,78387582.528,0.03042523509614110
2023-06-28,r5dn.4xlarge,io,prod,2016.2777025584,3381.50249,16,194774543.424,0.03726667562202510
2023-06-28,r5dn.8xlarge,io,prod,287.514354914,237.547222,32,27365439.9744,0.03782331578292460
2023-06-28,r5n.2xlarge,cmp,prod,156.9916387388,519.267792,8,14954912.409600000,0.03779158874223030
2023-06-28,r6a.2xlarge,cmp,prod,134.8016607789,446.11305600000000,8,12848056.0128,0.03777115995762850
2023-06-28,r6i.2xlarge,cmp,prod,113.9670079312,389.872798,8,11228336.5824,0.0365398049427393
2023-06-28,r6id.4xlarge,io,prod,6.2317666619,10.168056,16,585680.0256,0.038304806382729400
2023-06-28,r6id.8xlarge,io,prod,27.618710057400000,22.703609,32,2615455.7568,0.03801530801969630
2023-06-28,r6idn.4xlarge,io,prod,669.7860108598000,1098.853905,16,63293984.928000000,0.03809571544338960
2023-06-28,r6idn.8xlarge,io,prod,231.8015260563,189.848334,32,21870528.0768,0.03815570848917420
2023-06-28,r6in.2xlarge,cmp,prod,74.99626961840000,245.677488,8,7075511.6544,0.03815788649833480
2023-07-01,r6in.2xlarge,cmp,prod,740000.99626961840000,245.677488,8,7075511.6544,0.03815788649833480